Witaj w klubie;Dallas Buyers Club;2013;7/10
Znachor;;1981;7/10
Tato;;1995;7/10
Kraina lodu;Frozen;2013;5/10
Głową w mur;Gegen die Wand;2004;6/10
Gran Torino;Gran Torino;2008;7/10
Jak rozpętałem drugą wojnę światową;Jak rozpętałem drugą wojnę światową;1969;7/10
Wesele;Wesele;2004;6/10
Porachunki;The Family;2013;5/10
American Hustle;American Hustle;2013;7/10
Sekstaśma;Sex Tape;2014;4/10
Sąsiedzi;Neighbors;2014;6/10
Grand Budapest Hotel;The Grand Budapest Hotel;2014;8/10
Zacznijmy od nowa;Begin Again;2013;6/10
Milion sposobów, jak zginąć na Zachodzie;A Million Ways to Die in the West;2014;5/10
22 Jump Street;;2014;7/10
Królowie lata;The Kings of Summer;2013;7/10
Czas na miłość;About Time;2013;7/10
Wilk z Wall Street;The Wolf of Wall Street;2013;6/10
Hobbit: Pustkowie Smauga;The Hobbit: The Desolation of Smaug;2013;6/10
Sinister;Sinister;2012;6/10
Piękne istoty;Beautiful Creatures;2013;3/10
Wielkie wesele;The Big Wedding;2013;4/10
Iceman: Historia mordercy;The Iceman;2012;7/10
Przekładaniec;Layer Cake;2004;6/10
Blue Jasmine;Blue Jasmine;2013;6/10
Śliska sprawa;The Convincer;2011;5/10
Millerowie;We're the Millers;2013;7/10
Samotne śledztwo;Contre-enquête;2007;5/10
Reguła milczenia;The Company You Keep;2012;5/10
Iluzja;Now You See Me;2013;6/10
Erin Brockovich;;2000;7/10
Ocean's Twelve: Dogrywka;Ocean's Twelve;2004;6/10
Okrucieństwo nie do przyjęcia;Intolerable Cruelty;2003;5/10
Sęp;Sęp;2012;5/10
Niemożliwe;Lo Imposible;2012;6/10
Intrygant;The Informant!;2009;5/10
Columbus Circle;;2012;4/10
Trzynastka;Thirteen;2003;6/10
nieletni / pełnoletni;21 and Over;2013;4/10
Zły Mikołaj;Bad Santa;2003;6/10
Złodziej tożsamości;Identity Thief;2013;5/10
Kac Vegas III;The Hangover Part III;2013;4/10
Nine - Dziewięć;Nine;2009;5/10
U niej w domu;Dans la maison;2012;7/10
Niewygodna prawda;The Whistleblower;2010;6/10
Panaceum;Side Effects;2013;7/10
Mój rower;Mój rower;2012;7/10
Władza;Broken City;2013;6/10
Mama i ja;The Guilt Trip;2012;5/10
Bejbi blues;Bejbi blues;2012;4/10
Daję nam rok;I Give It a Year;2013;6/10
Zła kobieta;Bad Teacher;2011;4/10
Wyznania zakupoholiczki;Confessions of a Shopaholic;2009;3/10
Królewna Śnieżka;Mirror Mirror;2012;4/10
Oszukane;Oszukane;2013;5/10
Johnny English;Johnny English;2003;5/10
Chłopaki też płaczą;Forgetting Sarah Marshall;2008;4/10
Firma;The Firm;1993;7/10
Dobra partia;Save the Date;2012;6/10
Daybreakers - Świt;Daybreakers;2009;5/10
Lot;Flight;2012;7/10
Kevin sam w Nowym Jorku;Home Alone 2: Lost in New York;1992;6/10
Poranek kojota;Poranek kojota;2001;6/10
Asterix i Obelix: Misja Kleopatra;Astérix & Obélix: Mission Cléopâtre;2002;5/10
Oszukać przeznaczenie;Final Destination;2000;5/10
Szybcy i wściekli;The Fast and the Furious;2001;5/10
Katyń;Katyń;2007;6/10
Vinci;Vinci;2004;5/10
Rozmowy kontrolowane;Rozmowy kontrolowane;1991;7/10
Dorwać gringo;Get the Gringo;2012;6/10
Avengers;The Avengers;2012;5/10
Django;Django Unchained;2012;8/10
Gambit, czyli jak ograć króla;Gambit;2012;5/10
Hipnotyzer;Hypnotisören;2012;5/10
16 przecznic;16 Blocks;2006;7/10
Sex telefon;For a Good Time, Call...;2012;6/10
Hanna;;2011;6/10
Anna Karenina;Anna Karenina;2012;7/10
Jeff wraca do domu;Jeff Who Lives at Home;2011;5/10
Mocne uderzenie;Here Comes the Boom;2012;4/10
Poradnik pozytywnego myślenia;Silver Linings Playbook;2012;7/10
7 psychopatów;Seven Psychopaths;2012;7/10
2 dni w Nowym Jorku;2 Days in New York;2012;5/10
Dwa dni w Paryżu;2 Days in Paris;2007;5/10
Tajemnica Aleksandry;Alexandra's Project;2003;6/10
Savages: ponad bezprawiem;Savages;2012;6/10
Rzeź;Carnage;2011;6/10
Siostra twojej siostry;Your Sister's Sister;2011;6/10
Rekrut;The Recruit;2003;7/10
Zack i Miri kręcą porno;Zack and Miri Make a Porno;2008;4/10
Amerykańskie ciacho;Spread;2009;6/10
Sponsoring;Elles;2011;4/10
Rango;;2011;1/10
Disco robaczki;Disco ormene;2008;2/10
Księżniczka i Żaba;The Princess and the Frog;2009;5/10
Zaplątani;Tangled;2010;6/10
Dziewczyna z Jersey;Jersey Girl;2004;5/10
Julie i Julia;Julie & Julia;2009;6/10
Wszystko o Stevenie;All About Steve;2009;4/10
A więc wojna;This Means War;2012;6/10
Hobbit: Niezwykła podróż;The Hobbit: An Unexpected Journey;2012;7/10
Bez hamulców;Premium Rush;2012;5/10
Operacja Argo;Argo;2012;7/10
Dziedzictwo Bourne'a;The Bourne Legacy;2012;6/10
Drive;Drive;2011;6/10
Saga "Zmierzch": Przed świtem. Część 2;The Twilight Saga: Breaking Dawn - Part 2;2012;5/10
Looper - Pętla czasu;Looper;2012;7/10
Dobry rok;A Good Year;2006;6/10
Chłopak do towarzystwa;The Extra Man;2010;5/10
Ruby Sparks;;2012;6/10
Ile waży koń trojański?;Ile waży koń trojański?;2008;7/10
Skyfall;Skyfall;2012;7/10
Enigma;Enigma;2001;6/10
Gra dla dwojga;Duplicity;2009;7/10
Jesteś Bogiem;Jesteś Bogiem;2012;7/10
Znamię;Dragonfly;2002;6/10
Whisky dla aniołów;The Angels' Share;2012;6/10
American Pie: Zjazd absolwentów;American Reunion;2012;5/10
Niewierni;Les Infidèles;2012;2/10
Wieczór panieński;Bachelorette;2012;5/10
Nad życie;Nad życie;2012;6/10
Uprowadzona 2;Taken 2;2012;6/10
Uprowadzona Alice Creed;The Disappearance of Alice Creed;2009;7/10
Monster;;2003;7/10
Słaby punkt;Fracture;2007;7/10
Scott Pilgrim kontra świat;Scott Pilgrim vs. the World;2010;4/10
Jak ukraść Księżyc;Despicable Me;2010;6/10
Zatoichi;Zatôichi;2003;5/10
Wielki rok;The Big Year;2011;6/10
Podróż na tajemniczą wyspę;Journey 2: The Mysterious Island;2012;4/10
Świadek bez pamięci;The Lookout;2007;5/10
W słusznej sprawie;Just Cause;1995;7/10
Igrzyska śmierci;The Hunger Games;2012;5/10
Faceci od kuchni;Comme un chef;2012;6/10
Ted;;2012;7/10
Zodiak;The Zodiac;2005;5/10
Red;Red;2010;6/10
Faceci w czerni 3;Men in Black 3;2012;4/10
Hotel Marigold;The Best Exotic Marigold Hotel;2011;6/10
Crime d'amour;;2010;6/10
Szkoła uczuć;A Walk to Remember;2002;5/10
The Road;;2011;4/10
Męska historia;The History Boys;2006;6/10
Jak urodzić i nie zwariować;What to Expect When You're Expecting;2012;5/10
Lep na muchy;Flypaper;2011;6/10
Pewnego razu w Meksyku: Desperado 2;Once Upon a Time in Mexico;2003;6/10
21 Jump Street;;2012;6/10
W Brighton;Brighton Rock;2010;4/10
Den Som dræber - Fortidens skygge;;2011;6/10
Kamieniarz;Stenhuggaren;2009;4/10
StreetDance 2 3D;;2012;4/10
Single od dziecka;Friends with Kids;2011;5/10
Zakochani w Rzymie;To Rome With Love;2012;6/10
Pan życia i śmierci;Lord of War;2005;6/10
Człowiek z Cold Rock;The Tall Man;2012;6/10
Straszny film 4;Scary Movie 4;2006;6/10
Transporter 2;Transporter 2;2005;6/10
Matylda;Matilda;1996;6/10
Straszny film;Scary Movie;2000;6/10
Zakochana złośnica;10 Things I Hate About You;1999;6/10
Zejście 2;The Descent: Part 2;2009;6/10
Załoga G;G-Force;2009;5/10
Harry Potter i Komnata Tajemnic;Harry Potter and the Chamber of Secrets;2002;7/10
Harry Potter i Książę Półkrwi;Harry Potter and the Half-Blood Prince;2009;7/10
The Oxford Murders;;2008;6/10
Dlaczego nie!;Dlaczego nie!;2007;4/10
Uciekająca panna młoda;Runaway Bride;1999;6/10
Poszukiwacze zaginionej Arki;Raiders of the Lost Ark;1981;7/10
Hannibal;Hannibal;2001;7/10
Zakochany Nowy Jork;New York, I Love You;2009;5/10
GoldenEye;GoldenEye;1995;7/10
Zaczarowana;Enchanted;2007;5/10
Millennium: Dziewczyna, która igrała z ogniem;Flickan som lekte med elden, Millennium part 2;2009;7/10
Millennium: Mężczyźni, którzy nienawidzą kobiet;Män som hatar kvinnor;2009;8/10
Millennium: Zamek z piasku, który runął;Luftslottet som sprängdes;2009;7/10
Facet z ogłoszenia;Must Love Dogs;2005;6/10
Love Story;Love Story;1970;6/10
Żandarm z St. Tropez;Le Gendarme de Saint-Tropez;1964;7/10
Święty;The Saint;1997;7/10
Recepta na szczęście;Smart People;2008;5/10
17 Again;17 Again;2009;5/10
Alfie;;2004;4/10
Mroczny Rycerz powstaje;The Dark Knight Rises;2012;7/10
Hugo i jego wynalazek;Hugo;2011;7/10
Dyktator;The Dictator;2012;4/10
Safe House;;2012;6/10
Raj na ziemi;Wanderlust;2012;3/10
Połów szczęścia w Jemenie;Salmon Fishing in the Yemen;2011;6/10
Kochanie, poznaj moich kumpli;A Few Best Men;2011;3/10
Przyjaciel do końca świata;Seeking a Friend for the End of the World;2012;6/10
Jeszcze dłuższe zaręczyny;The Five-Year Engagement;2012;6/10
Sen Kasandry;Cassandra's Dream;2007;5/10
Czerwony smok;Red Dragon;2002;7/10
Szepty;The Awakening;2011;6/10
Projekt X;Project X;2012;6/10
Człowiek na krawędzi;Man on a Ledge;2012;5/10
Łowcy głów;Hodejegerne;2011;7/10
Jestem Bogiem;Limitless;2011;6/10
Kobieta w czerni;The Woman in Black;2012;5/10
Dziewczyna z ekstraklasy;She's Out of My League;2010;6/10
Nietykalni;Intouchables;2011;7/10
Mission: Impossible - Ghost Protocol;Mission: Impossible - Ghost Protocol;2011;5/10
Och, Karol 2;Och, Karol 2;2011;3/10
Starsza pani musi zniknąć;Duplex;2003;5/10
Heca w zoo;Zookeeper;2011;5/10
Sylwester w Nowym Jorku;New Year's Eve;2011;5/10
Debiutanci;Beginners;2010;7/10
Niebezpieczna metoda;A Dangerous Method;2011;6/10
Lepiej być nie może;As Good as It Gets;1997;7/10
Dziennik zakrapiany rumem;The Rum Diary;2011;5/10
Johnny English Reaktywacja;Johnny English Reborn;2011;4/10
Wyścig z czasem;In Time;2011;6/10
Tożsamość;Unknown;2011;6/10
Skeczu z papugą nie będzie;Parrot Sketch Not Included: Twenty Years of Monty Python;1989;7/10
Dziewczyna z tatuażem;The Girl with the Dragon Tattoo;2011;7/10
Jutro będzie futro;Hot Tub Time Machine;2010;5/10
Boski chillout;Pineapple Express;2008;6/10
Służące;The Help;2011;6/10
Sherlock Holmes: Gra cieni;Sherlock Holmes: A Game of Shadows;2011;7/10
Weronika postanawia umrzeć;Veronika Decides to Die;2009;6/10
Szpieg;Tinker Tailor Soldier Spy;2011;7/10
Czwarty stopień;The Fourth Kind;2009;5/10
Była sobie dziewczyna;An Education;2009;7/10
Stary, kocham cię;I Love You, Man;2009;5/10
Chciwość;Margin Call;2011;6/10
Dziękujemy za palenie;Thank You for Smoking;2005;5/10
Bez smyczy;Hall Pass;2011;3/10
Dom snów;Dream House;2011;6/10
Super 8;;2011;5/10
Penelope;;2006;5/10
Zgon na pogrzebie;Death at a Funeral;2007;6/10
Contagion - Epidemia strachu;Contagion;2011;6/10
Pół na pół;50/50;2011;5/10
Listy do M.;Listy do M.;2011;6/10
Dług;The Debt;2010;6/10
Co się zdarzyło w Las Vegas;What Happens in Vegas;2008;5/10
Opowieści na dobranoc;Bedtime Stories;2008;4/10
Wszystko, co dobre;All Good Things;2010;6/10
Projekt dziecko, czyli ojciec potrzebny od zaraz;;2010;2/10
Sztuka dorastania;The Art of Getting By;2011;6/10
Saga "Zmierzch": Przed świtem. Część 1;The Twilight Saga: Breaking Dawn - Part 1;2011;5/10
Twój na zawsze;Remember Me;2010;5/10
Miłość i inne używki;Love & Other Drugs;2010;6/10
To tylko seks;Friends with Benefits;2011;4/10
Niezniszczalni;The Expendables;2010;3/10
Łatwa dziewczyna;Easy A;2010;7/10
Zamiana ciał;The Change-Up;2011;5/10
Wszyscy wygrywają;Win Win;2011;6/10
Druhny;Bridesmaids;2011;6/10
O północy w Paryżu;Midnight in Paris;2011;7/10
Dziewczyna z marzeniami;Whip It;2009;6/10
Jane Eyre;;2011;7/10
Szefowie wrogowie;Horrible Bosses;2011;6/10
Wyjście przez sklep z pamiątkami;Exit Through the Gift Shop;2010;7/10
Kocha, lubi, szanuje;Crazy, Stupid, Love.;2011;7/10
Całkiem zabawna historia;It's Kind of a Funny Story;2010;7/10
Pozwól mi wejść;Let Me In;2010;6/10
Transformers 3;Transformers: Dark of the Moon;2011;4/10
Harry Potter i Insygnia Śmierci: Część II;Harry Potter and the Deathly Hallows: Part 2;2011;7/10
Och, życie;Life as We Know It;2010;4/10
Miłość na zamówienie;Failure to Launch;2006;5/10
Tak to się teraz robi;The Switch;2010;6/10
Kac Vegas w Bangkoku;The Hangover Part II;2011;5/10
Grzeczny i grzeszny;Youth in Revolt;2009;5/10
Kod nieśmiertelności;Source Code;2011;6/10
Sex Story;No Strings Attached;2011;6/10
Duże dzieci;Grown Ups;2010;6/10
Tajemnica morderstwa na Manhattanie;Manhattan Murder Mystery;1993;7/10
Mr. Brooks;Mr. Brooks;2007;6/10
Nożownik;The Hunted;2003;7/10
Dom nad jeziorem;The Lake House;2006;6/10
Trick;Trick;2010;6/10
Urodzeni mordercy;Natural Born Killers;1994;6/10
Patrol;The Guardian;2006;6/10
Karmazynowy przypływ;Crimson Tide;1995;6/10
Wzgórze Rozdartych Serc;Heartbreak Ridge;1986;7/10
Wejście Smoka;Enter the Dragon;1973;7/10
Parszywa dwunastka;The Dirty Dozen;1967;7/10
Cześć, Tereska;Cześć, Tereska;2001;7/10
Nowszy model;The Rebound;2009;6/10
Kate i Leopold;Kate & Leopold;2001;7/10
Dwa tygodnie na miłość;Two Weeks Notice;2002;6/10
Czego pragną kobiety;What Women Want;2000;6/10
Francuski pocałunek;French Kiss;1995;6/10
Na pewno, być może;Definitely, Maybe;2008;4/10
Jak stracić chłopaka w 10 dni;How to Lose a Guy in 10 Days;2003;5/10
Jak w niebie;Just Like Heaven;2005;5/10
Zupełnie jak miłość;A Lot Like Love;2005;6/10
Pretty Woman;Pretty Woman;1990;6/10
Zanim odejdą wody;Due Date;2010;7/10
Wybuchowa para;Knight and Day;2010;4/10
Ja cię kocham, a ty z nim;Dan in Real Life;2007;7/10
Nocna randka;Date Night;2010;4/10
Solista;The Soloist;2009;6/10
500 dni miłości;(500Days of Summer;2009;8/10
Piraci z Karaibów: Na nieznanych wodach;Pirates of the Caribbean: On Stranger Tides;2011;5/10
Green Zone;Green Zone;2010;6/10
Piknik pod Wiszącą Skałą;Picnic at Hanging Rock;1975;7/10
Kawa i papierosy;Coffee and Cigarettes;2003;8/10
5x2 pięć razy we dwoje;5x2;2004;5/10
Ghost Dog: Droga samuraja;Ghost Dog: The Way of the Samurai;1999;7/10
Zakochana Jane;Becoming Jane;2007;7/10
Dorian Gray;;2009;5/10
Obława;Takedown;2000;7/10
Pręgi;Pręgi;2004;7/10
Prawnik z Lincolna;The Lincoln Lawyer;2011;7/10
Greenberg;;2010;4/10
Władcy umysłów;The Adjustment Bureau;2011;5/10
Bardzo długie zaręczyny;Un Long dimanche de fiançailles;2004;7/10
Manhattan;;1979;7/10
Ukryte;Caché;2005;6/10
Ruiny;The Ruins;2008;2/10
Full Metal Jacket;;1987;7/10
Paintball;;2009;1/10
Job, czyli ostatnia szara komórka;Job, czyli ostatnia szara komórka;2006;2/10
Kontrolerzy;Kontroll;2003;7/10
Człowiek, który gapił się na kozy;The Men Who Stare at Goats;2009;4/10
Zabójcza broń 3;Lethal Weapon 3;1992;7/10
Zabójcza broń 2;Lethal Weapon 2;1989;7/10
Zabójcza broń;Lethal Weapon;1987;7/10
Zabójcza broń 4;Lethal Weapon 4;1998;7/10
Stara baśń. Kiedy słońce było bogiem;;2003;2/10
Miłość i inne nieszczęścia;Love and Other Disasters;2006;6/10
Silent Hill;;2006;5/10
SEXiPIStOLS;Bandidas;2006;4/10
Łowcy umysłów;Mindhunters;2004;6/10
Ekspres polarny;The Polar Express;2004;8/10
Frantic;Frantic;1988;7/10
Uczeń czarnoksiężnika;The Sorcerer's Apprentice;2010;6/10
Dirty Dancing 2;Dirty Dancing: Havana Nights;2004;6/10
W chmurach;Up in the Air;2009;6/10
Zejście;The Descent;2005;6/10
Człowiek w żelaznej masce;The Man in the Iron Mask;1998;6/10
Taxi;Taxi;1998;6/10
Rewers;Rewers;2009;6/10
Był sobie chłopiec;About a Boy;2002;8/10
Ogniem i mieczem;Ogniem i mieczem;1999;7/10
Zombieland;;2009;6/10
Kick-Ass;Kick-Ass;2010;6/10
Mission: Impossible;;1996;7/10
Uwierz w ducha;Ghost;1990;7/10
Zabójczy numer;Lucky Number Slevin;2006;7/10
P.S. Kocham cię;P.S. I Love You;2007;6/10
Ścigany;The Fugitive;1993;7/10
Rambo: Pierwsza krew;First Blood;1982;7/10
Vanilla Sky;Vanilla Sky;2001;6/10
Skazany na bluesa;Skazany na bluesa;2005;7/10
Rocky;Rocky;1976;7/10
Aleksander;Alexander;2004;5/10
Mamma Mia!;Mamma Mia!;2008;6/10
Klik: I robisz, co chcesz;Click;2006;4/10
Pamiętnik;The Notebook;2004;7/10
The Ring;The Ring;2002;7/10
Piła;Saw;2004;6/10
Żona astronauty;The Astronaut's Wife;1999;5/10
Hrabia Monte Christo;The Count of Monte Cristo;2002;7/10
Kontakt;Contact;1997;8/10
Powrót do przyszłości;Back to the Future;1985;6/10
Sam;I Am Sam;2001;8/10
Negocjator;The Negotiator;1998;7/10
Truman Show;The Truman Show;1998;6/10
Siedem;Se7en;1995;7/10
Transsiberian;;2008;6/10
Harry Potter i Insygnia Śmierci: Część I;Harry Potter and the Deathly Hallows: Part 1;2010;7/10
Chłopiec z latawcem;The Kite Runner;2007;7/10
Śniadanie u Tiffany'ego;Breakfast at Tiffany's;1961;7/10
Broken Flowers;;2005;6/10
Kinsey;;2004;6/10
Heartbreaker. Licencja na uwodzenie;L'Arnacoeur;2010;6/10
Listy do Julii;Letters To Juliet;2010;6/10
Sierociniec;El Orfanato;2007;6/10
Harry Potter i Zakon Feniksa;Harry Potter and the Order of the Phoenix;2007;7/10
Wrota do piekieł;Drag Me to Hell;2009;5/10
Sztuka zrywania;The Break-Up;2006;6/10
Ludzkie dzieci;Children of Men;2006;7/10
Pokuta;Atonement;2007;7/10
Jak we śnie;La science des rêves;2006;7/10
Złe wychowanie;La Mala educación;2004;7/10
W rytmie serca;De battre, mon coeur s'est arreté;2005;8/10
Borat: Podpatrzone w Ameryce, aby Kazachstan rósł w siłę, a ludzie żyli dostatniej;Borat: Cultural Learnings of America for Make Benefit Glorious Nation of Kazakhstan;2006;7/10
Salt;Salt;2010;5/10
Nieznajomi;The Strangers;2008;7/10
A teraz coś z zupełnie innej beczki;And Now for Something Completely Different;1971;7/10
Bezdroża;Sideways;2004;7/10
Michael Clayton;Michael Clayton;2007;6/10
Wszystko gra;Match Point;2005;7/10
Scoop - Gorący temat;Scoop;2006;7/10
Kula;Sphere;1998;7/10
Tożsamość;Identity;2003;7/10
Krucjata Bourne'a;The Bourne Supremacy;2004;8/10
Good Bye Lenin!;Good Bye Lenin!;2003;8/10
Dróżnik;The Station Agent;2003;7/10
Bliżej;Closer;2004;7/10
Gwiezdne wrota;Stargate;1994;7/10
Nie mów nikomu;Ne le dis à personne;2006;7/10
Poznasz przystojnego bruneta;You Will Meet a Tall Dark Stranger;2010;5/10
Miasto aniołów;City of Angels;1998;7/10
Wimbledon;Wimbledon;2004;7/10
Do szpiku kości;Winter's Bone;2010;6/10
 Wszystko w porządku;The Kids Are All Right;2010;6/10
Miasto złodziei;The Town;2010;7/10
Gdzie jesteś, Amando;Gone Baby Gone;2007;8/10
Lot nad kukułczym gniazdem;One Flew Over the Cuckoo's Nest;1975;7/10
Hancock;;2008;5/10
Dziennik Bridget Jones;Bridget Jones's Diary;2001;6/10
Władca Pierścieni: Powrót króla;The Lord of the Rings: The Return of the King;2003;7/10
Seksmisja;Seksmisja;1983;5/10
Zmierzch;Twilight;2008;4/10
Pasja;The Passion of the Christ;2004;5/10
Biegnij Lola, biegnij;Lola rennt;1998;5/10
Lejdis;Lejdis;2008;4/10
Anioły i demony;Angels & Demons;2009;4/10
Włoska robota;The Italian Job;2003;6/10
Uprowadzona;Taken;2008;7/10
Co nas kręci, co nas podnieca;Whatever Works;2009;7/10
Przekręt;Snatch.;2000;7/10
Autor widmo;The Ghost Writer;2010;7/10
Ocean's Eleven: Ryzykowna gra;Ocean's Eleven;2001;7/10
Raport mniejszości;Minority Report;2002;6/10
Dzień Niepodległości;Independence Day;1996;7/10
Piąty element;The Fifth Element;1997;6/10
Dziewiąte wrota;The Ninth Gate;1999;7/10
Piraci z Karaibów: Skrzynia umarlaka;Pirates of the Caribbean: Dead Man's Chest;2006;8/10
Dziewczyna z sąsiedztwa;The Girl Next Door;2004;5/10
Holiday;The Holiday;2006;6/10
Buntownik z wyboru;Good Will Hunting;1997;9/10
Jeździec bez głowy;Sleepy Hollow;1999;7/10
Sherlock Holmes;Sherlock Holmes;2009;8/10
Porozmawiaj z nią;Hable con ella;2002;7/10
W stronę morza;Mar adentro;2004;7/10
Między słowami;Lost in Translation;2003;7/10
To nie jest kraj dla starych ludzi;No Country for Old Men;2007;8/10
Amelia;Le fabuleux destin d'Amélie Poulain;2001;9/10
Hitch: Najlepszy doradca przeciętnego faceta;Hitch;2005;6/10
Marzyciel;Finding Neverland;2004;7/10
Imię róży;Der Name der Rose;1986;9/10
Skazani na Shawshank;The Shawshank Redemption;1994;10/10
Młody Sherlock Holmes;Young Sherlock Holmes;1985;8/10
Bez śladu;Without a Clue;1988;7/10
Duma i uprzedzenie;Pride & Prejudice;2005;9/10
Stowarzyszenie Umarłych Poetów;Dead Poets Society;1989;10/10
Przygoda na Antarktydzie;Eight Below;2006;1/10
13 Dzielnica;Banlieue 13;2004;3/10
Siła i honor;Men of Honor;2000;4/10
Między piekłem a niebem;What Dreams May Come;1998;6/10
Oldboy;Oldeuboi;2003;3/10
Mumia;The Mummy;1999;4/10
Gothika;;2003;3/10
Rain Man;Rain Man;1988;7/10
Galerianki;Galerianki;2009;4/10
Edi;;2002;7/10
Absolwent;The Graduate;1967;8/10
Volver;Volver;2006;7/10
W pogoni za szczęściem;The Pursuit of Happyness;2006;7/10
Wszystko o mojej matce;Todo sobre mi madre;1999;6/10
Transporter;The Transporter;2002;5/10
Nagi instynkt;Basic Instinct;1992;2/10
Harry Potter i Kamień Filozoficzny;Harry Potter and the Sorcerer's Stone;2001;7/10
Marsjanie atakują!;Mars Attacks!;1996;2/10
Joe Black;Meet Joe Black;1998;5/10
Harry Potter i więzień Azkabanu;Harry Potter and the Prisoner of Azkaban;2004;7/10
Wpadka;Knocked Up;2007;6/10
Lęk pierwotny;Primal Fear;1996;5/10
Ona to on;She's the Man;2006;4/10
Dzień świstaka;Groundhog Day;1993;5/10
Harry Potter i Czara Ognia;Harry Potter and the Goblet of Fire;2005;6/10
Młodzi gniewni;Dangerous Minds;1995;5/10
Król Artur;King Arthur;2004;5/10
Notting Hill;Notting Hill;1999;9/10
50 pierwszych randek;50 First Dates;2004;4/10
Tylko mnie kochaj;Tylko mnie kochaj;2006;4/10
Narzeczony mimo woli;The Proposal;2009;6/10
To właśnie miłość;Love Actually;2003;9/10
Masz wiadomość;You've Got Mail;1998;8/10
Szkoła uwodzenia;Cruel Intentions;1999;2/10
Apocalypto;;2006;7/10
Predator;Predator;1987;5/10
Telefon;Phone Booth;2002;7/10
X-Men 2;X2;2003;2/10
E.T.;E.T.: The Extra-Terrestrial;1982;5/10
Szklana pułapka 4.0;Live Free or Die Hard;2007;7/10
Szklana pułapka;Die Hard;1988;6/10
Speed: Niebezpieczna prędkość;Speed;1994;3/10
Gosford Park;;2001;6/10
Przebudzenie;Awake;2007;5/10
Plan doskonały;Inside Man;2006;7/10
Psy;Psy;1992;5/10
Dom zły;Dom zły;2009;7/10
Zdjęcie w godzinę;One Hour Photo;2002;4/10
60 sekund;Gone in Sixty Seconds;2000;3/10
Polowanie na Czerwony Październik;The Hunt for Red October;1990;7/10
Pearl Harbor;Pearl Harbor;2001;4/10
Bad Boys;;1995;4/10
Ucieczka z Alcatraz;Escape from Alcatraz;1979;6/10
Twierdza;The Rock;1996;8/10
Zawód: Szpieg;Spy Game;2001;7/10
Gorączka;Heat;1995;6/10
Robin Hood: Książę złodziei;Robin Hood: Prince of Thieves;1991;6/10
Cztery pokoje;Four Rooms;1995;6/10
Brudny Harry;Dirty Harry;1971;6/10
Jumanji;Jumanji;1995;5/10
Bez przebaczenia;Unforgiven;1992;6/10
Podejrzani;The Usual Suspects;1995;9/10
Działa Navarony;The Guns of Navarone;1961;5/10
Kolekcjoner kości;The Bone Collector;1999;7/10
Ratatuj;Ratatouille;2007;7/10
Wróg publiczny;Enemy of the State;1998;8/10
Wojna światów;War of the Worlds;2005;3/10
Opowieści z Narnii: Lew, czarownica i stara szafa;The Chronicles of Narnia: The Lion, the Witch and the Wardrobe;2005;6/10
Deja Vu;Deja Vu;2006;6/10
Żywot Briana;Life of Brian;1979;6/10
007 Quantum of Solace;Quantum of Solace;2008;6/10
Ultimatum Bourne'a;The Bourne Ultimatum;2007;8/10
Głupi i głupszy;Dumb & Dumber;1994;1/10
Skarb narodów;National Treasure;2004;5/10
Znaki;Signs;2002;4/10
Faceci w czerni;Men in Black;1997;4/10
Ace Ventura: Psi detektyw;Ace Ventura: Pet Detective;1994;2/10
Spider-Man;Spider-Man;2002;3/10
Matrix Rewolucje;The Matrix Revolutions;2003;5/10
Osada;The Village;2004;5/10
Maska;The Mask;1994;5/10
Step Up - Taniec zmysłów;Step Up;2006;5/10
Parnassus;The Imaginarium of Doctor Parnassus;2009;4/10
Eurotrip;EuroTrip;2004;7/10
Park Jurajski;Jurassic Park;1993;4/10
Armageddon;Armageddon;1998;5/10
Bruce Wszechmogący;Bruce Almighty;2003;4/10
Gwiezdny pył;Stardust;2007;7/10
Jestem legendą;I Am Legend;2007;6/10
Constantine;Constantine;2005;5/10
Terminal;The Terminal;2004;5/10
Troja;Troy;2004;4/10
Desperado;Desperado;1995;6/10
Matrix Reaktywacja;The Matrix Reloaded;2003;5/10
Titanic;Titanic;1997;6/10
Casino Royale;Casino Royale;2006;8/10
Shrek 2;Shrek 2;2004;5/10
Charlie i fabryka czekolady;Charlie and the Chocolate Factory;2005;4/10
Alicja w Krainie Czarów;Alice in Wonderland;2010;5/10
Tajne przez poufne;Burn After Reading;2008;6/10
Kiler;Kiler;1997;5/10
Ostatni samuraj;The Last Samurai;2003;6/10
Gnijąca panna młoda Tima Burtona;Corpse Bride;2005;5/10
Inni;The Others;2001;8/10
Piraci z Karaibów: Na krańcu świata;Pirates of the Caribbean: At World's End;2007;7/10
Batman - Początek;Batman Begins;2005;6/10
The Social Network;The Social Network;2010;9/10
Epoka lodowcowa;Ice Age;2002;4/10
Helikopter w ogniu;Black Hawk Down;2001;5/10
Avatar;Avatar;2009;3/10
Batman;Batman;1989;6/10
Wróg u bram;Enemy at the Gates;2001;7/10
Terminator;The Terminator;1984;6/10
Pachnidło: Historia mordercy;Perfume: The Story of a Murderer;2006;6/10
Kill Bill 2;Kill Bill: Vol. 2;2004;6/10
Memento;;2000;6/10
Madagaskar;Madagascar;2005;4/10
Equilibrium;Equilibrium;2002;3/10
Efekt motyla;The Butterfly Effect;2004;6/10
Dystrykt 9;District 9;2009;6/10
Tożsamość Bourne'a;The Bourne Identity;2002;8/10
Pianista;The Pianist;2002;8/10
WALL·E;WALL·E;2008;8/10
Sami swoi;Sami swoi;1967;6/10
Chłopaki nie płaczą;Chłopaki nie płaczą;2000;6/10
Sens życia wg Monty Pythona;The Meaning of Life;1983;7/10
Sok z żuka;Beetle Juice;1988;5/10
Adwokat diabła;The Devil's Advocate;1997;6/10
Labirynt fauna;El Laberinto del fauno;2006;7/10
Edward Nożycoręki;Edward Scissorhands;1990;5/10
Braveheart - Waleczne Serce;Braveheart;1995;6/10
Czekolada;Chocolat;2000;7/10
Prestiż;The Prestige;2006;7/10
Iluzjonista;The Illusionist;2006;7/10
Złap mnie, jeśli potrafisz;Catch Me If You Can;2002;7/10
Zakochany bez pamięci;Eternal Sunshine of the Spotless Mind;2004;9/10
Mroczny Rycerz;The Dark Knight;2008;9/10
Terminator 2: Dzień sądu;Terminator 2: Judgment Day;1991;6/10
Dzień świra;Dzień świra;2002;6/10
Piękny umysł;A Beautiful Mind;2001;8/10
Władca Pierścieni: Dwie wieże;The Lord of the Rings: The Two Towers;2002;7/10
Milczenie owiec;The Silence of the Lambs;1991;7/10
Miś;Miś;1980;6/10
Wszystko za życie;Into the Wild;2007;8/10
Monty Python i Święty Graal;Monty Python and the Holy Grail;1975;7/10
Odlot;Up;2009;7/10
Ojciec chrzestny;The Godfather;1972;6/10
Miasto Boga;Cidade de Deus;2002;7/10
Incepcja;Inception;2010;8/10
Władca Pierścieni: Drużyna Pierścienia;The Lord of the Rings: The Fellowship of the Ring;2001;8/10
Testosteron;Testosteron;2007;2/10
Wszyscy jesteśmy Chrystusami;Wszyscy jesteśmy Chrystusami;2006;6/10
Piraci z Karaibów: Klątwa Czarnej Perły;Pirates of the Caribbean: The Curse of the Black Pearl;2003;8/10
Lista Schindlera;Schindler's List;1993;7/10
Trainspotting;;1996;7/10
Kac Vegas;The Hangover;2009;7/10
Slumdog. Milioner z ulicy;Slumdog Millionaire;2008;6/10
Wyspa tajemnic;Shutter Island;2010;8/10
 Bruce Wszechmogący;Bruce Almighty;2003;4/10
Troja;Troy;2004;4/10
Znaki;Signs;2002;4/10
Epoka lodowcowa;Ice Age;2002;4/10
Zdjęcie w godzinę;One Hour Photo;2002;4/10
Siła i honor;Men of Honor;2000;4/10
Pearl Harbor;Pearl Harbor;2001;4/10
Faceci w czerni;Men in Black;1997;4/10
Park Jurajski;Jurassic Park;1993;4/10
Bad Boys;;1995;4/10
Mumia;The Mummy;1999;4/10
Raj na ziemi;Wanderlust;2012;3/10
Och, Karol 2;Och, Karol 2;2011;3/10
Kochanie, poznaj moich kumpli;A Few Best Men;2011;3/10
Piękne istoty;Beautiful Creatures;2013;3/10
Bez smyczy;Hall Pass;2011;3/10
Wyznania zakupoholiczki;Confessions of a Shopaholic;2009;3/10
Niezniszczalni;The Expendables;2010;3/10
Avatar;Avatar;2009;3/10
13 Dzielnica;Banlieue 13;2004;3/10
Wojna światów;War of the Worlds;2005;3/10
Oldboy;Oldeuboi;2003;3/10
Gothika;;2003;3/10
Equilibrium;Equilibrium;2002;3/10
Spider-Man;Spider-Man;2002;3/10
Speed: Niebezpieczna prędkość;Speed;1994;3/10
60 sekund;Gone in Sixty Seconds;2000;3/10
Niewierni;Les Infidèles;2012;2/10
Projekt dziecko, czyli ojciec potrzebny od zaraz;;2010;2/10
Disco robaczki;Disco ormene;2008;2/10
Ruiny;The Ruins;2008;2/10
Job, czyli ostatnia szara komórka;Job, czyli ostatnia szara komórka;2006;2/10
Testosteron;Testosteron;2007;2/10
Stara baśń. Kiedy słońce było bogiem;;2003;2/10
X-Men 2;X2;2003;2/10
Ace Ventura: Psi detektyw;Ace Ventura: Pet Detective;1994;2/10
Nagi instynkt;Basic Instinct;1992;2/10
Szkoła uwodzenia;Cruel Intentions;1999;2/10
Marsjanie atakują!;Mars Attacks!;1996;2/10
Rango;;2011;1/10
Paintball;;2009;1/10
Przygoda na Antarktydzie;Eight Below;2006;1/10
Głupi i głupszy;Dumb & Dumber;1994;1/10
